1791533294.680794000	0.01	tap 1: open the app
1791533300.789064000	6.13	Welcome shown
1791533306.375387000	11.71	tap 2: Create account
1791533327.496205000	32.84	passkey sheet shown
1791533328.819268000	34.15	fingerprint
1791533345.730732000	51.06	notifications prompt
1791533347.900134000	53.25	tap 3: Allow notifications
1791533350.866760000	56.20	Welcome back (restored) shown
1791533355.860037000	61.19	tap 4: Continue
1791533358.907452000	64.24	profile shown
1791533361.921940000	67.25	tap 5: name field
1791533364.509201000	69.84	tap 6: Continue (3 keystrokes typed)
1791533368.650544000	73.98	home shown
1791533371.726128000	77.06	tap 7: Add money
1791533377.115500000	82.45	tap 8: Get test dollars
1791533382.091549000	87.42	tap 9: Get $25 test dollars
1791533382.881567000	88.21	faucet_ok seen in logcat
